<?xml version="1.0" encoding="UTF-8"?>
<project-private xmlns="http://www.netbeans.org/ns/project-private/1">
    <editor-bookmarks xmlns="http://www.netbeans.org/ns/editor-bookmarks/2" lastBookmarkId="0"/>
    <open-files xmlns="http://www.netbeans.org/ns/projectui-open-files/2">
        <group>
            <file>file:/C:/Users/fapal/Downloads/TotusTuus%20(1)/TotusTuus/src/RegistrarNuevoCliente.java</file>
            <file>file:/C:/Users/fapal/Downloads/TotusTuus%20(1)/TotusTuus/src/MostrarProductos.java</file>
            <file>file:/C:/Users/fapal/Downloads/TotusTuus%20(1)/TotusTuus/src/RegistrarNuevoProducto.java</file>
            <file>file:/C:/Users/fapal/Downloads/TotusTuus%20(1)/TotusTuus/src/PanelMenu.java</file>
            <file>file:/C:/Users/fapal/Downloads/TotusTuus%20(1)/TotusTuus/src/MostrarCliente.java</file>
        </group>
    </open-files>
</project-private>
