<?xml version="1.0" encoding="UTF-8"?>
<project-private xmlns="http://www.netbeans.org/ns/project-private/1">
    <editor-bookmarks xmlns="http://www.netbeans.org/ns/editor-bookmarks/2" lastBookmarkId="0"/>
    <open-files xmlns="http://www.netbeans.org/ns/projectui-open-files/2">
        <group>
            <file>file:/C:/Users/fapal/Downloads/3ra%20entrega%20TotusTuus%202/2nda%20entrega%20TotusTuus/2nda%20entrega%20TotusTuus/src/CrearPedido.java</file>
            <file>file:/C:/Users/fapal/Downloads/3ra%20entrega%20TotusTuus%202/2nda%20entrega%20TotusTuus/2nda%20entrega%20TotusTuus/src/PanelMenu.java</file>
            <file>file:/C:/Users/fapal/Downloads/3ra%20entrega%20TotusTuus%202/2nda%20entrega%20TotusTuus/2nda%20entrega%20TotusTuus/src/RegistrarNuevoCliente.java</file>
        </group>
    </open-files>
</project-private>
